{"$schema":"http://schema.management.azure.com/schemas/2015-01-01/deploymentTemplate.json#","contentVersion":"1.0.0.0","parameters":{"MergeDimCity":{"type":"string"},"Destination_Lakehouse_WeatherData":{"type":"string"}},"variables":{},"resources":[{"name":"KQLDataLoad_Pipeline","type":"pipelines","apiVersion":"2018-06-01","properties":{"activities":[{"name":"Copy Citydata","type":"Copy","dependsOn":[{"activity":"Copy FactData","dependencyConditions":["Succeeded"]}],"policy":{"timeout":"0.12:00:00","retry":0,"retryIntervalInSeconds":30,"secureOutput":false,"secureInput":false},"typeProperties":{"source":{"type":"KustoDatabaseSource","query":"external_table('Gold_DimCity')\n| join kind=inner     (\n    external_table('gold_weatherdata_current_shortcutDelta')\n    | project CityId, Sunrise, Sunset\n) on $left.CityId == $right.CityId\n| project CityId, CityName, Latitude, Longitude, Country, Population, TimeZone, Sunrise, Sunset","queryTimeout":"01:00:00","noTruncation":true,"datasetSettings":{"annotations":[],"linkedService":{"name":"MergeDimCity","properties":{"annotations":[],"type":"KustoDatabase","typeProperties":{"workspaceId":"fbc115a2-1a5b-4d54-89a2-f5d8fbd4140e","endpoint":"https://trd-t4b22kan8za382tjns.z4.kusto.fabric.microsoft.com","database":"[parameters('MergeDimCity')]"}}},"type":"KustoDatabaseTable","schema":[],"typeProperties":{}}},"sink":{"type":"LakehouseTableSink","tableActionOption":"OverwriteSchema","partitionOption":"None","applyVOrder":true,"datasetSettings":{"annotations":[],"linkedService":{"name":"Destination_Lakehouse_WeatherData","properties":{"annotations":[],"type":"Lakehouse","typeProperties":{"workspaceId":"fbc115a2-1a5b-4d54-89a2-f5d8fbd4140e","artifactId":"[parameters('Destination_Lakehouse_WeatherData')]","rootFolder":"Tables"}}},"type":"LakehouseTable","schema":[],"typeProperties":{"table":"KQL_City_Table"}}},"enableStaging":false,"translator":{"type":"TabularTranslator","typeConversion":true,"typeConversionSettings":{"allowDataTruncation":true,"treatBooleanAsNumber":false}}}},{"name":"Copy FactData","type":"Copy","dependsOn":[],"policy":{"timeout":"0.12:00:00","retry":0,"retryIntervalInSeconds":30,"secureOutput":false,"secureInput":false},"typeProperties":{"source":{"type":"KustoDatabaseSource","query":"union (\n      external_table('Gold_FactWeatherForecast')\n    | project Temperature, FeelsLike, Pressure_SeaLevel ,Pressure_GroundLevel, Humidity, WeatherID, \n      Cloudiness, WindSpeed, WindDirection, Visibility, WeatherDate,\n      CityId, WeatherDay\n), \n(\n     external_table('gold_weatherdata_current_shortcutDelta')\n    | extend WeatherDate = todatetime(Data_Timestamp_UTC)\n    //| extend ParsedDate = todatetime(datetime(Data_Timestamp_UTC, \"yyyy-MM-dd HH:mm:ss\"))\n    | project Temperature, FeelsLike, Pressure_SeaLevel, Pressure_GroundLevel, Humidity,WeatherID,Cloudiness,\n     WindSpeed, WindDirection, Visibility, WeatherDate ,CityId, WeatherDay\n)","queryTimeout":"01:00:00","noTruncation":true,"datasetSettings":{"annotations":[],"linkedService":{"name":"MergeDimCity","properties":{"annotations":[],"type":"KustoDatabase","typeProperties":{"workspaceId":"fbc115a2-1a5b-4d54-89a2-f5d8fbd4140e","endpoint":"https://trd-t4b22kan8za382tjns.z4.kusto.fabric.microsoft.com","database":"[parameters('MergeDimCity')]"}}},"type":"KustoDatabaseTable","schema":[],"typeProperties":{}}},"sink":{"type":"LakehouseTableSink","tableActionOption":"OverwriteSchema","partitionOption":"None","applyVOrder":true,"datasetSettings":{"annotations":[],"linkedService":{"name":"Destination_Lakehouse_WeatherData","properties":{"annotations":[],"type":"Lakehouse","typeProperties":{"workspaceId":"fbc115a2-1a5b-4d54-89a2-f5d8fbd4140e","artifactId":"[parameters('Destination_Lakehouse_WeatherData')]","rootFolder":"Tables"}}},"type":"LakehouseTable","schema":[],"typeProperties":{"table":"KQL_Fact_data"}}},"enableStaging":false,"translator":{"type":"TabularTranslator","typeConversion":true,"typeConversionSettings":{"allowDataTruncation":true,"treatBooleanAsNumber":false}}}}],"lastModifiedByObjectId":"01ca86e0-5c44-46a6-afaa-823ece1a1d87","lastPublishTime":"2025-09-24T08:24:31Z"},"dependsOn":[]}]}